HISTORY,HOSPITALS,CITIES,QUOATA,MIN,MAX,REGIONS
16.12.2021,Adana Yüreğir Devlet Hast.,Adana,5,"78,63","81,36",Akdeniz Bölgesi
16.12.2021,Adana Şehir Hast.,Adana,68,"78,73","86,24",Akdeniz Bölgesi
16.12.2021,Tufanbeyli Devlet Hast.,Adana,7,"74,55","76,91",Akdeniz Bölgesi
16.12.2021,İmamoğlu Devlet Hast.,Adana,1,"80,38","80,38",Akdeniz Bölgesi
16.12.2021,Gerger İlçe Devlet Hast.,Adıyaman,2,"78,47","78,53",Güneydoğu Anadolu Bölgesi
16.12.2021,Kahta Devlet Hast.,Adıyaman,6,"82,15","83,57",Güneydoğu Anadolu Bölgesi
16.12.2021,Kahta Göçeri İlçe Devlet Hast.,Adıyaman,2,"79,84","81,73",Güneydoğu Anadolu Bölgesi
16.12.2021,Sincik İlçe Devlet Hast.,Adıyaman,2,"81,54","84,95",Güneydoğu Anadolu Bölgesi
16.12.2021,Afyonkarahisar Devlet Hast.,Afyonkarahisar,10,"77,41","80,76",Ege Bölgesi
16.12.2021,Bolvadin Dr.Halil İbrahim Özsoy Devlet Hast.,Afyonkarahisar,2,"76,13","77,67",Ege Bölgesi
16.12.2021,Dinar Devlet Hast.,Afyonkarahisar,4,"75,8","78,79",Ege Bölgesi
16.12.2021,Emirdağ Devlet Hast.,Afyonkarahisar,6,"74,57","75,64",Ege Bölgesi
16.12.2021,Sandıklı Devlet Hast.,Afyonkarahisar,4,"76,56","77,16",Ege Bölgesi
16.12.2021,Sinanpaşa Devlet Hast.,Afyonkarahisar,2,"75,42","75,77",Ege Bölgesi
16.12.2021,Şuhut Devlet Hast.,Afyonkarahisar,5,"75,04","77,32",Ege Bölgesi
16.12.2021,Aksaray EAH.,Aksaray,71,"75,08","86,28",İç Anadolu Bölgesi
16.12.2021,Aksaray Eskil TSM.,Aksaray,1,"76,49","76,49",İç Anadolu Bölgesi
16.12.2021,Aksaray Gülağaç TSM.,Aksaray,1,"75,37","75,37",İç Anadolu Bölgesi
16.12.2021,Aksaray Ortaköy İlçe Sağlık Müd.,Aksaray,1,"76,62","76,62",İç Anadolu Bölgesi
16.12.2021,Aksaray Sultanhanı TSM.,Aksaray,3,"75,35","76,78",İç Anadolu Bölgesi
16.12.2021,Ağaçören İlçe Devlet Hast.,Aksaray,1,"74,55","74,55",İç Anadolu Bölgesi
16.12.2021,Güzelyurt İlçe Devlet Hast.,Aksaray,2,"74,26","74,31",İç Anadolu Bölgesi
16.12.2021,Sarıyahşi İlçe Devlet Hast.,Aksaray,1,"74,84","74,84",İç Anadolu Bölgesi
16.12.2021,Amasya Sabuncuoğlu Şerefeddin EAH.,Amasya,16,"75,71","84,51",Karadeniz Bölgesi
16.12.2021,Merzifon Kara Mustafa Paşa Devlet Hast.,Amasya,6,"76,01","79,49",Karadeniz Bölgesi
16.12.2021,Suluova Devlet Hast.,Amasya,4,"74,99","75,36",Karadeniz Bölgesi
16.12.2021,Ankara Dr. Abdurrahman Yurtaslan Onkoloji EAH.,Ankara,216,"73,57","82,03",İç Anadolu Bölgesi
16.12.2021,Ankara Dışkapı Yıldırım Beyazıt EAH.,Ankara,353,"73,89","83,42",İç Anadolu Bölgesi
16.12.2021,Ankara EAH.,Ankara,10,"79,49","81,04",İç Anadolu Bölgesi
16.12.2021,Ankara Evren TSM.,Ankara,1,"78,71","78,71",İç Anadolu Bölgesi
16.12.2021,Ankara Gülhane EAH.,Ankara,10,"81,49","92,11",İç Anadolu Bölgesi
16.12.2021,Ankara Keçiören EAH.,Ankara,2,"86,13","89,91",İç Anadolu Bölgesi
16.12.2021,Ankara Şehir Hast.,Ankara,134,"75,44","87,57",İç Anadolu Bölgesi
16.12.2021,Ayaş Şehit Mehmet Çifci Devlet Hast.,Ankara,1,"74,93","74,93",İç Anadolu Bölgesi
16.12.2021,Beypazarı Devlet Hast.,Ankara,1,"77,64","77,64",İç Anadolu Bölgesi
16.12.2021,Elmadağ Dr. Hulusi Alataş Devlet Hast.,Ankara,2,"79,62","80,86",İç Anadolu Bölgesi
16.12.2021,Haymana Devlet Hast.,Ankara,2,"73,06","75,39",İç Anadolu Bölgesi
16.12.2021,Kahramankazan Hamdi Eriş Devlet Hast.,Ankara,16,"74,8","83,33",İç Anadolu Bölgesi
16.12.2021,Kızılcahamam Devlet Hast.,Ankara,2,"73,57","73,73",İç Anadolu Bölgesi
16.12.2021,Nallıhan Devlet Hast.,Ankara,1,"72,4","72,4",İç Anadolu Bölgesi
16.12.2021,Polatlı Duatepe Devlet Hast.,Ankara,2,"75,86","77,35",İç Anadolu Bölgesi
16.12.2021,Sincan Dr. Nafiz Körez Devlet Hast.,Ankara,10,"81,23","85,27",İç Anadolu Bölgesi
16.12.2021,Çubuk Halil Şıvgın Devlet Hast.,Ankara,1,"82,61","82,61",İç Anadolu Bölgesi
16.12.2021,Şereflikoçhisar Devlet Hast.,Ankara,3,"74,96","77,74",İç Anadolu Bölgesi
16.12.2021,Akseki İlçe Devlet Hast.,Antalya,1,"78,78","78,78",Akdeniz Bölgesi
16.12.2021,Alanya EAH.,Antalya,16,"78,96","83,8",Akdeniz Bölgesi
16.12.2021,Demre Devlet Hast.,Antalya,2,"80,77","80,77",Akdeniz Bölgesi
16.12.2021,Elmalı Devlet Hast.,Antalya,2,"79,4","80,3",Akdeniz Bölgesi
16.12.2021,Finike Devlet Hast.,Antalya,5,"81,27","88,18",Akdeniz Bölgesi
16.12.2021,Korkuteli Devlet Hast.,Antalya,1,"80,9","80,9",Akdeniz Bölgesi
16.12.2021,Serik Devlet Hast.,Antalya,2,"80,96","81,26",Akdeniz Bölgesi
16.12.2021,Ardahan Devlet Hast.,Ardahan,12,"73,07","73,87",Doğu Anadolu Bölgesi
16.12.2021,Ardahan Çıldır TSM.,Ardahan,1,"72,43","72,43",Doğu Anadolu Bölgesi
16.12.2021,Göle Devlet Hast.,Ardahan,2,"72,5","72,8",Doğu Anadolu Bölgesi
16.12.2021,Posof İlçe Devlet Hast.,Ardahan,1,"71,98","71,98",Doğu Anadolu Bölgesi
16.12.2021,Artvin Devlet Hast.,Artvin,4,"73,17","73,2",Karadeniz Bölgesi
16.12.2021,Borçka Devlet Hast.,Artvin,1,72,72,Karadeniz Bölgesi
16.12.2021,Hopa Devlet Hast.,Artvin,2,"73,16","74,51",Karadeniz Bölgesi
16.12.2021,Yusufeli Devlet Hast.,Artvin,2,"72,99","73,54",Karadeniz Bölgesi
16.12.2021,Şavşat Devlet Hast.,Artvin,2,"73,42","76,76",Karadeniz Bölgesi
16.12.2021,Aydın Atatürk Devlet Hast.,Aydın,3,"82,63","85,73",Ege Bölgesi
16.12.2021,Aydın Devlet Hast.,Aydın,2,"81,46","82,4",Ege Bölgesi
16.12.2021,Didim Devlet Hast.,Aydın,2,"80,62","81,71",Ege Bölgesi
16.12.2021,Kuşadası Devlet Hast.,Aydın,2,"80,97","83,04",Ege Bölgesi
16.12.2021,Nazilli Devlet Hast.,Aydın,10,"78,71","88,07",Ege Bölgesi
16.12.2021,Söke Fehime Faik Kocagöz Devlet Hast.,Aydın,2,"79,68","80,76",Ege Bölgesi
16.12.2021,Ağrı EAH.,Ağrı,35,"74,68","84,02",Doğu Anadolu Bölgesi
16.12.2021,Patnos Devlet Hast.,Ağrı,13,"73,69","80,51",Doğu Anadolu Bölgesi
16.12.2021,Tutak İlçe Devlet Hast.,Ağrı,2,"72,36","72,67",Doğu Anadolu Bölgesi
16.12.2021,Ayvalık Devlet Hast.,Balıkesir,2,"79,5","84,8",Marmara Bölgesi
16.12.2021,Balıkesir Atatürk Şehir Hast.,Balıkesir,6,"81,88","85,46",Marmara Bölgesi
16.12.2021,Bigadiç Devlet Hast.,Balıkesir,2,"79,99","80,85",Marmara Bölgesi
16.12.2021,Dursunbey Devlet Hast.,Balıkesir,2,"75,58","76,14",Marmara Bölgesi
16.12.2021,Manyas Devlet Hast.,Balıkesir,2,"77,14","81,32",Marmara Bölgesi
16.12.2021,Susurluk Devlet Hast.,Balıkesir,2,"77,9","79,72",Marmara Bölgesi
16.12.2021,İvrindi Devlet Hast.,Balıkesir,1,"84,08","84,08",Marmara Bölgesi
16.12.2021,Bartın Devlet Hast.,Bartın,10,"75,47","82,73",Karadeniz Bölgesi
16.12.2021,Ulus Şehit Piyade Er Hasan Hüseyin Oğuz İlçe Devlet Hast.,Bartın,1,"74,96","74,96",Karadeniz Bölgesi
16.12.2021,Batman Kozluk İlçe Sağlık Müd.,Batman,1,"79,27","79,27",Güneydoğu Anadolu Bölgesi
16.12.2021,Batman Merkez TSM.,Batman,6,"81,05","83,03",Güneydoğu Anadolu Bölgesi
16.12.2021,Gercüş Devlet Hast.,Batman,2,"80,28","80,79",Güneydoğu Anadolu Bölgesi
16.12.2021,Hasankeyf İlçe Devlet Hast.,Batman,2,"81,04","81,13",Güneydoğu Anadolu Bölgesi
16.12.2021,Kozluk Devlet Hast.,Batman,10,"80,02","81,24",Güneydoğu Anadolu Bölgesi
16.12.2021,Sason Devlet Hast.,Batman,6,"78,5","80,22",Güneydoğu Anadolu Bölgesi
16.12.2021,Bayburt Devlet Hast.,Bayburt,9,"73,32","74,39",Karadeniz Bölgesi
16.12.2021,Bozüyük Devlet Hast.,Bilecik,22,"75,19","80,02",Marmara Bölgesi
16.12.2021,Gölpazarı İlçe Devlet Hast.,Bilecik,1,"73,73","73,73",Marmara Bölgesi
16.12.2021,Osmaneli Mustafa Selahattin Çetintaş Devlet Hast.,Bilecik,4,"74,17","74,96",Marmara Bölgesi
16.12.2021,Pazaryeri İlçe Devlet Hast.,Bilecik,2,"74,47","74,87",Marmara Bölgesi
16.12.2021,Söğüt Devlet Hast.,Bilecik,2,"74,88","75,3",Marmara Bölgesi
16.12.2021,Yenipazar İlçe Devlet Hast.,Bilecik,1,74,74,Marmara Bölgesi
16.12.2021,İnhisar İlçe Devlet Hast.,Bilecik,1,"74,08","74,08",Marmara Bölgesi
16.12.2021,Adaklı İlçe Devlet Hast.,Bingöl,2,"72,96","73,16",Doğu Anadolu Bölgesi
16.12.2021,Bingöl Devlet Hast.,Bingöl,18,"77,18","89,04",Doğu Anadolu Bölgesi
16.12.2021,Genç Devlet Hast.,Bingöl,2,"76,3","76,47",Doğu Anadolu Bölgesi
16.12.2021,Karlıova Devlet Hast.,Bingöl,6,"73,97","75,11",Doğu Anadolu Bölgesi
16.12.2021,Kiğı İlçe Devlet Hast.,Bingöl,1,"73,3","73,3",Doğu Anadolu Bölgesi
16.12.2021,Solhan Devlet Hast.,Bingöl,4,"74,99","76,02",Doğu Anadolu Bölgesi
16.12.2021,Ahlat Devlet Hast.,Bitlis,10,"76,22","80,73",Doğu Anadolu Bölgesi
16.12.2021,Bitlis Devlet Hast.,Bitlis,16,"76,16","81,66",Doğu Anadolu Bölgesi
16.12.2021,Güroymak Devlet Hast.,Bitlis,8,"74,63","78,32",Doğu Anadolu Bölgesi
16.12.2021,Hizan Devlet Hast.,Bitlis,6,"74,07","75,91",Doğu Anadolu Bölgesi
16.12.2021,Tatvan Devlet Hast.,Bitlis,50,"76,55","82,65",Doğu Anadolu Bölgesi
16.12.2021,Bolu İzzet Baysal Devlet Hast.,Bolu,13,"76,25","82,02",Karadeniz Bölgesi
16.12.2021,Bucak Devlet Hast.,Burdur,7,"78,22","80,03",Akdeniz Bölgesi
16.12.2021,Burdur Devlet Hast.,Burdur,9,"78,37","87,45",Akdeniz Bölgesi
16.12.2021,Bursa Yüksek İhtisas EAH.,Bursa,13,"77,42","84,31",Marmara Bölgesi
16.12.2021,Bursa Şehir Hast.,Bursa,66,"78,06","90,22",Marmara Bölgesi
16.12.2021,Gemlik Devlet Hast.,Bursa,2,"78,14","79,13",Marmara Bölgesi
16.12.2021,Karacabey Devlet Hast.,Bursa,2,"78,79","80,41",Marmara Bölgesi
16.12.2021,Kestel Devlet Hast.,Bursa,2,"79,69","80,59",Marmara Bölgesi
16.12.2021,Mustafakemalpaşa Devlet Hast.,Bursa,2,"81,13","84,29",Marmara Bölgesi
16.12.2021,Çekirge Devlet Hast.,Bursa,16,"77,63","83,37",Marmara Bölgesi
16.12.2021,İnegöl Devlet Hast.,Bursa,2,"78,38","82,67",Marmara Bölgesi
16.12.2021,Denizli Devlet Hast.,Denizli,9,"79,53","81,68",Ege Bölgesi
16.12.2021,Denizli Servergazi Devlet Hast.,Denizli,5,"80,94","83,09",Ege Bölgesi
16.12.2021,Diyarbakır Bismil İlçe Sağlık Müd.,Diyarbakır,2,"81,19","82,03",Güneydoğu Anadolu Bölgesi
16.12.2021,Diyarbakır Dicle İlçe Sağlık Müd.,Diyarbakır,1,"80,83","80,83",Güneydoğu Anadolu Bölgesi
16.12.2021,Diyarbakır Ergani İlçe Sağlık Müd.,Diyarbakır,4,"81,62","82,89",Güneydoğu Anadolu Bölgesi
16.12.2021,Diyarbakır Eğil TSM.,Diyarbakır,1,"82,26","82,26",Güneydoğu Anadolu Bölgesi
16.12.2021,Diyarbakır Gazi Yaşargil EAH.,Diyarbakır,15,"84,92","88,99",Güneydoğu Anadolu Bölgesi
16.12.2021,Diyarbakır Hani İlçe Sağlık Müd.,Diyarbakır,2,"80,36","81,98",Güneydoğu Anadolu Bölgesi
16.12.2021,Diyarbakır Kulp İlçe Sağlık Müd.,Diyarbakır,1,"76,93","76,93",Güneydoğu Anadolu Bölgesi
16.12.2021,Diyarbakır Lice TSM.,Diyarbakır,1,"78,39","78,39",Güneydoğu Anadolu Bölgesi
16.12.2021,Diyarbakır Selahaddin Eyyubi Devlet Hast.,Diyarbakır,6,"84,18","88,37",Güneydoğu Anadolu Bölgesi
16.12.2021,Diyarbakır Silvan İlçe Sağlık Müd.,Diyarbakır,4,"81,28","82,74",Güneydoğu Anadolu Bölgesi
16.12.2021,Diyarbakır Çermik İlçe Sağlık Müd.,Diyarbakır,2,"78,92","79,05",Güneydoğu Anadolu Bölgesi
16.12.2021,Hazro İlçe Devlet Hast.,Diyarbakır,1,"80,82","80,82",Güneydoğu Anadolu Bölgesi
16.12.2021,Kocaköy İlçe Devlet Hast.,Diyarbakır,2,"82,19","82,82",Güneydoğu Anadolu Bölgesi
16.12.2021,Silvan Dr.Yusuf Azizoğlu Devlet Hast.,Diyarbakır,1,"84,28","84,28",Güneydoğu Anadolu Bölgesi
16.12.2021,Çüngüş İlçe Devlet Hast.,Diyarbakır,1,"79,24","79,24",Güneydoğu Anadolu Bölgesi
16.12.2021,Akçakoca Devlet Hast.,Düzce,1,"78,97","78,97",Karadeniz Bölgesi
16.12.2021,Düzce Atatürk Devlet Hast.,Düzce,24,"74,64","79,59",Karadeniz Bölgesi
16.12.2021,Yığılca İlçe Devlet Hast.,Düzce,2,"73,28","73,34",Karadeniz Bölgesi
16.12.2021,Edirne Sultan 1. Murat Devlet Hast.,Edirne,18,"75,19","84,11",Marmara Bölgesi
16.12.2021,Keşan Devlet Hast.,Edirne,4,"73,51","75,7",Marmara Bölgesi
16.12.2021,Süloğlu İlçe Devlet Hast.,Edirne,1,"73,28","73,28",Marmara Bölgesi
16.12.2021,Uzunköprü Devlet Hast.,Edirne,6,"73,84","74,65",Marmara Bölgesi
16.12.2021,Baskil İlçe Devlet Hast.,Elazığ,1,"79,67","79,67",Doğu Anadolu Bölgesi
16.12.2021,Elazığ Karakoçan TSM.,Elazığ,1,"79,96","79,96",Doğu Anadolu Bölgesi
16.12.2021,Elazığ Kovancılar İlçe Sağlık Müd.,Elazığ,1,"76,47","76,47",Doğu Anadolu Bölgesi
16.12.2021,Elazığ Palu TSM.,Elazığ,1,"77,03","77,03",Doğu Anadolu Bölgesi
16.12.2021,Karakoçan Devlet Hast.,Elazığ,4,"77,15","82,47",Doğu Anadolu Bölgesi
16.12.2021,Kovancılar Devlet Hast.,Elazığ,2,"77,89","78,08",Doğu Anadolu Bölgesi
16.12.2021,Palu İlçe Devlet Hast.,Elazığ,2,"77,49","78,42",Doğu Anadolu Bölgesi
16.12.2021,Kemah İlçe Devlet Hast.,Erzincan,2,"72,5","72,76",Doğu Anadolu Bölgesi
16.12.2021,Kemaliye İlçe Devlet Hast.,Erzincan,2,"73,68","75,34",Doğu Anadolu Bölgesi
16.12.2021,Refahiye Dr. Fahrettin Uğur İlçe Devlet Hast.,Erzincan,4,"73,39","73,66",Doğu Anadolu Bölgesi
16.12.2021,Tercan İlçe Devlet Hast.,Erzincan,4,"73,03","75,31",Doğu Anadolu Bölgesi
16.12.2021,Çayırlı İlçe Devlet Hast.,Erzincan,1,"73,08","73,08",Doğu Anadolu Bölgesi
16.12.2021,Üzümlü İlçe Devlet Hast.,Erzincan,1,"74,1","74,1",Doğu Anadolu Bölgesi
16.12.2021,İliç İlçe Devlet Hast.,Erzincan,2,"72,48","73,4",Doğu Anadolu Bölgesi
16.12.2021,Aşkale İlçe Devlet Hast.,Erzurum,1,"74,41","74,41",Doğu Anadolu Bölgesi
16.12.2021,Erzurum Bölge EAH.,Erzurum,23,"75,28","85,07",Doğu Anadolu Bölgesi
16.12.2021,Erzurum Mareşal Çakmak Devlet Hast.,Erzurum,2,"84,79","86,05",Doğu Anadolu Bölgesi
16.12.2021,Horasan Devlet Hast.,Erzurum,2,"74,27","75,2",Doğu Anadolu Bölgesi
16.12.2021,Hınıs Şehit Yavuz Yürekseven Devlet Hast.,Erzurum,2,"74,56","80,62",Doğu Anadolu Bölgesi
16.12.2021,Karayazı Türk Eczacıları Birliği İlçe Devlet Hast.,Erzurum,1,"71,8","71,8",Doğu Anadolu Bölgesi
16.12.2021,Karaçoban İlçe Devlet Hast.,Erzurum,2,"72,45","74,18",Doğu Anadolu Bölgesi
16.12.2021,Pasinler İbrahim Hakkı Devlet Hast.,Erzurum,2,"74,62","74,89",Doğu Anadolu Bölgesi
16.12.2021,Tekman Şehit Piyade Çavuş Muhammet Binici Devlet Hast.,Erzurum,2,"74,33","75,13",Doğu Anadolu Bölgesi
16.12.2021,Tortum İlçe Devlet Hast.,Erzurum,2,"73,7","74,64",Doğu Anadolu Bölgesi
16.12.2021,Çat İlçe Devlet Hast.,Erzurum,1,"76,84","76,84",Doğu Anadolu Bölgesi
16.12.2021,Eskişehir Yunus Emre Devlet Hast.,Eskişehir,6,"83,91","87,7",İç Anadolu Bölgesi
16.12.2021,Eskişehir Şehir Hast.,Eskişehir,21,"80,22","90,29",İç Anadolu Bölgesi
16.12.2021,Gaziantep 25 Aralık Devlet Hast.,Gaziantep,8,"85,38","88,27",Güneydoğu Anadolu Bölgesi
16.12.2021,Gaziantep Şehitkamil Devlet Hast.,Gaziantep,37,"76,23","84,22",Güneydoğu Anadolu Bölgesi
16.12.2021,İslahiye Devlet Hast.,Gaziantep,8,"75,63","79,09",Güneydoğu Anadolu Bölgesi
16.12.2021,Alucra İlçe Devlet Hast.,Giresun,8,"72,53","74,27",Karadeniz Bölgesi
16.12.2021,Dereli İlçe Devlet Hast.,Giresun,3,"72,67","73,49",Karadeniz Bölgesi
16.12.2021,Giresun Doğankent TSM.,Giresun,1,"78,59","78,59",Karadeniz Bölgesi
16.12.2021,Giresun Çanakçı TSM.,Giresun,1,"71,66","71,66",Karadeniz Bölgesi
16.12.2021,Görele Op. Dr. Ergun Özdemir Devlet Hast.,Giresun,4,"73,61","77,22",Karadeniz Bölgesi
16.12.2021,Güce İlçe Devlet Hast.,Giresun,1,"72,5","72,5",Karadeniz Bölgesi
16.12.2021,Tirebolu Devlet Hast.,Giresun,4,"73,88","74,96",Karadeniz Bölgesi
16.12.2021,Yağlıdere İlçe Devlet Hast.,Giresun,2,"71,72","72,22",Karadeniz Bölgesi
16.12.2021,Çamoluk İlçe Devlet Hast.,Giresun,2,"73,15","73,22",Karadeniz Bölgesi
16.12.2021,Şebinkarahisar Devlet Hast.,Giresun,10,"73,24","74,92",Karadeniz Bölgesi
16.12.2021,Gümüşhane Devlet Hast.,Gümüşhane,24,"73,6","76,39",Karadeniz Bölgesi
16.12.2021,Kelkit Devlet Hast.,Gümüşhane,17,"73,19","74,45",Karadeniz Bölgesi
16.12.2021,Köse İlçe Devlet Hast.,Gümüşhane,4,"71,79","72,51",Karadeniz Bölgesi
16.12.2021,Kürtün İlçe Devlet Hast.,Gümüşhane,9,"72,5","74,22",Karadeniz Bölgesi
16.12.2021,Şiran Devlet Hast.,Gümüşhane,9,"72,68","73,96",Karadeniz Bölgesi
16.12.2021,Hakkari Devlet Hast.,Hakkari,10,"74,91","82,84",Doğu Anadolu Bölgesi
16.12.2021,Yüksekova Devlet Hast.,Hakkari,10,"75,14","79,57",Doğu Anadolu Bölgesi
16.12.2021,Şemdinli Devlet Hast.,Hakkari,6,"74,77","85,9",Doğu Anadolu Bölgesi
16.12.2021,Altınözü Devlet Hast.,Hatay,2,"78,35","78,53",Akdeniz Bölgesi
16.12.2021,Dörtyol Devlet Hast.,Hatay,9,"77,96","81,95",Akdeniz Bölgesi
16.12.2021,Erzin Devlet Hast.,Hatay,1,"77,8","77,8",Akdeniz Bölgesi
16.12.2021,Hassa Devlet Hast.,Hatay,2,"77,24","79,97",Akdeniz Bölgesi
16.12.2021,Hatay İl Sağlık Müd.,Hatay,2,"87,87","88,27",Akdeniz Bölgesi
16.12.2021,Kumlu İlçe Devlet Hast.,Hatay,1,"76,89","76,89",Akdeniz Bölgesi
16.12.2021,Kırıkhan Devlet Hast.,Hatay,7,"77,69","83,09",Akdeniz Bölgesi
16.12.2021,Reyhanlı Devlet Hast.,Hatay,9,"76,93","77,91",Akdeniz Bölgesi
16.12.2021,Samandağ Devlet Hast.,Hatay,5,"78,95","80,74",Akdeniz Bölgesi
16.12.2021,Yayladağı Devlet Hast.,Hatay,1,"77,76","77,76",Akdeniz Bölgesi
16.12.2021,İskenderun Devlet Hast.,Hatay,16,"78,81","82,4",Akdeniz Bölgesi
16.12.2021,Gelendost İlçe Devlet Hast.,Isparta,1,"79,07","79,07",Akdeniz Bölgesi
16.12.2021,Senirkent İlçe Devlet Hast.,Isparta,1,"76,46","76,46",Akdeniz Bölgesi
16.12.2021,Sütçüler İlçe Devlet Hast.,Isparta,1,"76,35","76,35",Akdeniz Bölgesi
16.12.2021,Uluborlu İlçe Devlet Hast.,Isparta,1,"77,44","77,44",Akdeniz Bölgesi
16.12.2021,Yalvaç Devlet Hast.,Isparta,3,"76,05","76,69",Akdeniz Bölgesi
16.12.2021,Iğdır Aralık TSM.,Iğdır,1,"76,36","76,36",Doğu Anadolu Bölgesi
16.12.2021,Iğdır Devlet Hast.,Iğdır,4,"79,46","83,49",Doğu Anadolu Bölgesi
16.12.2021,Iğdır Karakoyunlu TSM.,Iğdır,1,"74,86","74,86",Doğu Anadolu Bölgesi
16.12.2021,Iğdır Merkez TSM.,Iğdır,2,"78,3","78,36",Doğu Anadolu Bölgesi
16.12.2021,Tuzluca İlçe Devlet Hast.,Iğdır,2,"75,25","78,44",Doğu Anadolu Bölgesi
16.12.2021,Afşin Devlet Hast.,Kahramanmaraş,8,"75,28","77,11",Akdeniz Bölgesi
16.12.2021,Elbistan Devlet Hast.,Kahramanmaraş,18,"75,81","86,01",Akdeniz Bölgesi
16.12.2021,Pazarcık Devlet Hast.,Kahramanmaraş,13,"76,13","86,69",Akdeniz Bölgesi
16.12.2021,Türkoğlu Dr. Kemal Beyazıt Devlet Hast.,Kahramanmaraş,2,"78,98","82,86",Akdeniz Bölgesi
16.12.2021,Karabük EAH.,Karabük,10,"75,93","84,49",Karadeniz Bölgesi
16.12.2021,Ermenek Devlet Hast.,Karaman,2,"74,63","74,76",İç Anadolu Bölgesi
16.12.2021,Karaman Başyayla TSM.,Karaman,1,"73,84","73,84",İç Anadolu Bölgesi
16.12.2021,Karaman EAH.,Karaman,16,"75,64","86,56",İç Anadolu Bölgesi
16.12.2021,Karaman Ermenek TSM.,Karaman,1,"77,02","77,02",İç Anadolu Bölgesi
16.12.2021,Karaman Sarıveliler TSM.,Karaman,1,"74,42","74,42",İç Anadolu Bölgesi
16.12.2021,Kazımkarabekir İlçe Devlet Hast.,Karaman,1,"74,95","74,95",İç Anadolu Bölgesi
16.12.2021,Arpaçay İlçe Devlet Hast.,Kars,6,"72,5","72,89",Doğu Anadolu Bölgesi
16.12.2021,Digor İlçe Devlet Hast.,Kars,6,"72,15","72,86",Doğu Anadolu Bölgesi
16.12.2021,Harakani Devlet Hast.,Kars,22,"73,96","87,99",Doğu Anadolu Bölgesi
16.12.2021,Kars Kağızman İlçe Sağlık Müd.,Kars,1,"79,18","79,18",Doğu Anadolu Bölgesi
16.12.2021,Kars Susuz TSM.,Kars,1,"76,48","76,48",Doğu Anadolu Bölgesi
16.12.2021,Kağızman Devlet Hast.,Kars,2,"74,75","76,11",Doğu Anadolu Bölgesi
16.12.2021,Azdavay İlçe Devlet Hast.,Kastamonu,1,"73,37","73,37",Karadeniz Bölgesi
16.12.2021,Daday İlçe Devlet Hast.,Kastamonu,1,"73,44","73,44",Karadeniz Bölgesi
16.12.2021,Kastamonu Doğanyurt TSM.,Kastamonu,1,"73,5","73,5",Karadeniz Bölgesi
16.12.2021,Kastamonu Hanönü TSM.,Kastamonu,1,"73,4","73,4",Karadeniz Bölgesi
16.12.2021,Kastamonu Şenpazar TSM.,Kastamonu,1,"73,71","73,71",Karadeniz Bölgesi
16.12.2021,İnebolu Devlet Hast.,Kastamonu,2,"73,71","78,05",Karadeniz Bölgesi
16.12.2021,Bünyan Devlet Hast.,Kayseri,6,"76,36","81,2",İç Anadolu Bölgesi
16.12.2021,Develi Hatice-Muammer Kocatürk Devlet Hast.,Kayseri,6,"76,27","81,93",İç Anadolu Bölgesi
16.12.2021,Kayseri Devlet Hast.,Kayseri,3,"81,54","87,14",İç Anadolu Bölgesi
16.12.2021,Kayseri Şehir Hast.,Kayseri,55,"76,83","86,08",İç Anadolu Bölgesi
16.12.2021,Yahyalı Devlet Hast.,Kayseri,6,"75,32","76,17",İç Anadolu Bölgesi
16.12.2021,Yeşilhisar İlçe Devlet Hast.,Kayseri,2,"75,74","75,82",İç Anadolu Bölgesi
16.12.2021,Kilis Devlet Hast.,Kilis,16,"75,65","80,18",Güneydoğu Anadolu Bölgesi
16.12.2021,Darıca Farabi EAH.,Kocaeli,13,"76,21","80,42",Marmara Bölgesi
16.12.2021,Derince EAH.,Kocaeli,31,"75,24","79,76",Marmara Bölgesi
16.12.2021,Dilovası Devlet Hast.,Kocaeli,6,"74,99","76,74",Marmara Bölgesi
16.12.2021,Gebze Fatih Devlet Hast.,Kocaeli,21,"75,57","82,43",Marmara Bölgesi
16.12.2021,Gölcük Necati Çelik Devlet Hast.,Kocaeli,10,"75,46","78,51",Marmara Bölgesi
16.12.2021,Kandıra Ecz. Kazım Dinç Devlet Hast.,Kocaeli,8,"74,16","75,59",Marmara Bölgesi
16.12.2021,Kocaeli Başiskele İlçe Sağlık Müd.,Kocaeli,1,"83,2","83,2",Marmara Bölgesi
16.12.2021,Kocaeli Darıca İlçe Sağlık Müd.,Kocaeli,1,"84,83","84,83",Marmara Bölgesi
16.12.2021,Kocaeli Derince İlçe Sağlık Müd.,Kocaeli,2,"81,18","81,41",Marmara Bölgesi
16.12.2021,Kocaeli Devlet Hast.,Kocaeli,16,"77,36","81,32",Marmara Bölgesi
16.12.2021,Kocaeli Dilovası İlçe Sağlık Müd.,Kocaeli,1,"78,18","78,18",Marmara Bölgesi
16.12.2021,Kocaeli Gebze İlçe Sağlık Müd.,Kocaeli,2,"82,21","82,95",Marmara Bölgesi
16.12.2021,Kocaeli Gölcük İlçe Sağlık Müd.,Kocaeli,1,"80,76","80,76",Marmara Bölgesi
16.12.2021,Kocaeli Kandıra İlçe Sağlık Müd.,Kocaeli,1,"79,64","79,64",Marmara Bölgesi
16.12.2021,Kocaeli Karamürsel İlçe Sağlık Müd.,Kocaeli,1,"87,37","87,37",Marmara Bölgesi
16.12.2021,Kocaeli Kartepe İlçe Sağlık Müd.,Kocaeli,1,"85,56","85,56",Marmara Bölgesi
16.12.2021,Kocaeli Körfez İlçe Sağlık Müd.,Kocaeli,2,"80,66","80,66",Marmara Bölgesi
16.12.2021,Kocaeli Çayırova İlçe Sağlık Müd.,Kocaeli,1,"80,42","80,42",Marmara Bölgesi
16.12.2021,Kocaeli İzmit Seka Devlet Hast.,Kocaeli,12,"76,2","81,62",Marmara Bölgesi
16.12.2021,Kocaeli İzmit İlçe Sağlık Müd.,Kocaeli,2,"84,11","85,91",Marmara Bölgesi
16.12.2021,Konya Beyhekim EAH.,Konya,6,"76,64","80,75",İç Anadolu Bölgesi
16.12.2021,Konya Şehir Hast.,Konya,74,"75,85","84,53",İç Anadolu Bölgesi
16.12.2021,Emet Dr.Fazıl Doğan Devlet Hast.,Kütahya,4,"75,05","75,26",Ege Bölgesi
16.12.2021,Kütahya Evliya Çelebi EAH.,Kütahya,37,"75,62","81,96",Ege Bölgesi
16.12.2021,Tavşanlı Doç. Dr.Mustafa Kalemli Devlet Hast.,Kütahya,7,"75,42","81,11",Ege Bölgesi
16.12.2021,Babaeski Devlet Hast.,Kırklareli,2,"73,33","79,6",Marmara Bölgesi
16.12.2021,Kırklareli EAH.,Kırklareli,10,"73,64","77,16",Marmara Bölgesi
16.12.2021,Lüleburgaz Devlet Hast.,Kırklareli,17,"73,84","79,06",Marmara Bölgesi
16.12.2021,Kırıkkale Yahşihan İlçe Sağlık Müd.,Kırıkkale,1,"86,8","86,8",İç Anadolu Bölgesi
16.12.2021,Akpınar İlçe Devlet Hast.,Kırşehir,1,"73,71","73,71",İç Anadolu Bölgesi
16.12.2021,Kaman Devlet Hast.,Kırşehir,2,"73,67","74,05",İç Anadolu Bölgesi
16.12.2021,Kırşehir EAH.,Kırşehir,10,"77,22","85,01",İç Anadolu Bölgesi
16.12.2021,Mucur Devlet Hast.,Kırşehir,2,"75,47","76,51",İç Anadolu Bölgesi
16.12.2021,Çiçekdağı İlçe Devlet Hast.,Kırşehir,1,"78,56","78,56",İç Anadolu Bölgesi
16.12.2021,Arapgir Ali Özge Devlet Hast.,Malatya,2,"76,33","76,54",Doğu Anadolu Bölgesi
16.12.2021,Darende Hulusi Efendi Devlet Hast.,Malatya,6,"76,58","79,33",Doğu Anadolu Bölgesi
16.12.2021,Doğanşehir Şehit Esra Köse Başaran Devlet Hast.,Malatya,7,"77,12","81,16",Doğu Anadolu Bölgesi
16.12.2021,Pütürge Devlet Hast.,Malatya,2,"76,02","76,2",Doğu Anadolu Bölgesi
16.12.2021,Alaşehir Devlet Hast.,Manisa,6,"76,39","81,16",Ege Bölgesi
16.12.2021,Kula Devlet Hast.,Manisa,7,"75,66","88,98",Ege Bölgesi
16.12.2021,Saruhanlı Devlet Hast.,Manisa,1,"77,39","77,39",Ege Bölgesi
16.12.2021,Selendi Devlet Hast.,Manisa,1,"76,38","76,38",Ege Bölgesi
16.12.2021,Soma Devlet Hast.,Manisa,6,"77,31","81,96",Ege Bölgesi
16.12.2021,Turgutlu Devlet Hast.,Manisa,8,"76,44","79,17",Ege Bölgesi
16.12.2021,Dargeçit İlçe Devlet Hast.,Mardin,3,"81,61","85,45",Güneydoğu Anadolu Bölgesi
16.12.2021,Kızıltepe Devlet Hast.,Mardin,37,"78,19","85,46",Güneydoğu Anadolu Bölgesi
16.12.2021,Mardin Mazıdağı İlçe Sağlık Müd.,Mardin,1,"80,16","80,16",Güneydoğu Anadolu Bölgesi
16.12.2021,Mardin Ömerli TSM.,Mardin,1,"84,87","84,87",Güneydoğu Anadolu Bölgesi
16.12.2021,Midyat Devlet Hast.,Mardin,10,"78,64","86,27",Güneydoğu Anadolu Bölgesi
16.12.2021,Ömerli İlçe Devlet Hast.,Mardin,2,"78,16","78,61",Güneydoğu Anadolu Bölgesi
16.12.2021,Mersin Şehir Hast.,Mersin,11,"82,83","87,33",Akdeniz Bölgesi
16.12.2021,Mut Devlet Hast.,Mersin,7,"75,53","79,85",Akdeniz Bölgesi
16.12.2021,Tarsus Devlet Hast.,Mersin,6,"80,04","83,28",Akdeniz Bölgesi
16.12.2021,Datça Devlet Hast.,Muğla,2,"77,9","78,93",Ege Bölgesi
16.12.2021,Milas Devlet Hast.,Muğla,2,"78,64","82,96",Ege Bölgesi
16.12.2021,Muğla EAH.,Muğla,31,"77,13","85,59",Ege Bölgesi
16.12.2021,Yatağan Devlet Hast.,Muğla,2,"79,08","80,41",Ege Bölgesi
16.12.2021,Bulanık Devlet Hast.,Muş,18,"73,5","77,03",Doğu Anadolu Bölgesi
16.12.2021,Malazgirt Devlet Hast.,Muş,13,"73,21","74,6",Doğu Anadolu Bölgesi
16.12.2021,Muş Devlet Hast.,Muş,50,"75,03","80,63",Doğu Anadolu Bölgesi
16.12.2021,Acıgöl İlçe Devlet Hast.,Nevşehir,1,"76,03","76,03",İç Anadolu Bölgesi
16.12.2021,Avanos İlçe Devlet Hast.,Nevşehir,1,"79,68","79,68",İç Anadolu Bölgesi
16.12.2021,Derinkuyu İlçe Devlet Hast.,Nevşehir,1,"75,06","75,06",İç Anadolu Bölgesi
16.12.2021,Gülşehir İlçe Devlet Hast.,Nevşehir,1,"75,82","75,82",İç Anadolu Bölgesi
16.12.2021,Hacıbektaş İlçe Devlet Hast.,Nevşehir,1,"74,71","74,71",İç Anadolu Bölgesi
16.12.2021,Nevşehir Devlet Hast.,Nevşehir,17,"76,54","88,47",İç Anadolu Bölgesi
16.12.2021,Bor Devlet Hast.,Niğde,6,"75,39","75,87",İç Anadolu Bölgesi
16.12.2021,Niğde EAH.,Niğde,20,"75,53","84,88",İç Anadolu Bölgesi
16.12.2021,Çamardı İlçe Devlet Hast.,Niğde,2,"74,35","74,56",İç Anadolu Bölgesi
16.12.2021,Çiftlik İlçe Devlet Hast.,Niğde,2,"73,43","73,57",İç Anadolu Bölgesi
16.12.2021,Akkuş Devlet Hast.,Ordu,6,"72,38","73,71",Karadeniz Bölgesi
16.12.2021,Aybastı Devlet Hast.,Ordu,9,"72,16","74,88",Karadeniz Bölgesi
16.12.2021,Fatsa Devlet Hast.,Ordu,10,"77,93","81,42",Karadeniz Bölgesi
16.12.2021,Gölköy Devlet Hast.,Ordu,10,"73,16","74,87",Karadeniz Bölgesi
16.12.2021,Korgan Devlet Hast.,Ordu,9,"72,42","75,23",Karadeniz Bölgesi
16.12.2021,Kumru Devlet Hast.,Ordu,10,"73,34","76,04",Karadeniz Bölgesi
16.12.2021,Mesudiye İlçe Devlet Hast.,Ordu,5,"71,94","72,34",Karadeniz Bölgesi
16.12.2021,Ulubey İlçe Devlet Hast.,Ordu,1,"75,5","75,5",Karadeniz Bölgesi
16.12.2021,Ünye Devlet Hast.,Ordu,10,"78,5",88,Karadeniz Bölgesi
16.12.2021,Düziçi Devlet Hast.,Osmaniye,6,"75,52","78,38",Akdeniz Bölgesi
16.12.2021,Osmaniye Devlet Hast.,Osmaniye,31,"76,11","82,68",Akdeniz Bölgesi
16.12.2021,Osmaniye Hasanbeyli TSM.,Osmaniye,1,"77,17","77,17",Akdeniz Bölgesi
16.12.2021,Osmaniye Sumbas TSM.,Osmaniye,1,"81,93","81,93",Akdeniz Bölgesi
16.12.2021,Rize Devlet Hast.,Rize,10,"74,4","77,21",Karadeniz Bölgesi
16.12.2021,Rize Recep Tayyip Erdoğan Üni. EAH.,Rize,24,"73,84","75,67",Karadeniz Bölgesi
16.12.2021,Hendek Devlet Hast.,Sakarya,8,"74,59","75,83",Marmara Bölgesi
16.12.2021,Karasu Devlet Hast.,Sakarya,6,"75,98","81,52",Marmara Bölgesi
16.12.2021,Sakarya EAH.,Sakarya,128,"74,65","87,65",Marmara Bölgesi
16.12.2021,Yenikent Devlet Hast.,Sakarya,6,"75,92","77,85",Marmara Bölgesi
16.12.2021,Bafra Devlet Hast.,Samsun,4,"82,6","84,81",Karadeniz Bölgesi
16.12.2021,Havza Devlet Hast.,Samsun,2,"77,47","78,23",Karadeniz Bölgesi
16.12.2021,Ladik Devlet Hast.,Samsun,1,"77,74","77,74",Karadeniz Bölgesi
16.12.2021,Salıpazarı İlçe Devlet Hast.,Samsun,1,"84,13","84,13",Karadeniz Bölgesi
16.12.2021,Samsun Gazi Devlet Hast.,Samsun,2,"85,23","88,16",Karadeniz Bölgesi
16.12.2021,Vezirköprü Devlet Hast.,Samsun,7,"76,49","79,84",Karadeniz Bölgesi
16.12.2021,Çarşamba Devlet Hast.,Samsun,2,"82,66","85,05",Karadeniz Bölgesi
16.12.2021,Siirt EAH.,Siirt,31,"77,65","88,38",Güneydoğu Anadolu Bölgesi
16.12.2021,Siirt Eruh TSM.,Siirt,1,"76,21","76,21",Güneydoğu Anadolu Bölgesi
16.12.2021,Siirt Kurtalan İlçe Sağlık Müd.,Siirt,1,"84,29","84,29",Güneydoğu Anadolu Bölgesi
16.12.2021,Siirt Pervari İlçe Sağlık Müd.,Siirt,1,"80,32","80,32",Güneydoğu Anadolu Bölgesi
16.12.2021,Boyabat 75.Yıl Devlet Hast.,Sinop,9,"74,04","79,15",Karadeniz Bölgesi
16.12.2021,Sinop Atatürk Devlet Hast.,Sinop,12,"76,52","81,61",Karadeniz Bölgesi
16.12.2021,Divriği Sadık Özgür Devlet Hast.,Sivas,5,"73,4","74,37",İç Anadolu Bölgesi
16.12.2021,Gemerek Devlet Hast.,Sivas,3,"75,64","77,61",İç Anadolu Bölgesi
16.12.2021,Gürün Devlet Hast.,Sivas,2,74,"74,9",İç Anadolu Bölgesi
16.12.2021,Kangal Devlet Hast.,Sivas,2,"74,05","74,64",İç Anadolu Bölgesi
16.12.2021,Sivas Devlet Hast.,Sivas,4,"80,81","84,3",İç Anadolu Bölgesi
16.12.2021,Yıldızeli Devlet Hast.,Sivas,4,"74,5","74,97",İç Anadolu Bölgesi
16.12.2021,Şarkışla Devlet Hast.,Sivas,4,"73,9","74,69",İç Anadolu Bölgesi
16.12.2021,Çerkezköy Devlet Hast.,Tekirdağ,21,"74,22","82,74",Marmara Bölgesi
16.12.2021,Çorlu Devlet Hast.,Tekirdağ,21,"74,51","83,5",Marmara Bölgesi
16.12.2021,Şarköy Devlet Hast.,Tekirdağ,1,"76,4","76,4",Marmara Bölgesi
16.12.2021,Almus Devlet Hast.,Tokat,2,"75,22","76,14",Karadeniz Bölgesi
16.12.2021,Reşadiye Devlet Hast.,Tokat,2,"75,43","77,29",Karadeniz Bölgesi
16.12.2021,Zile Devlet Hast.,Tokat,2,"76,47","76,52",Karadeniz Bölgesi
16.12.2021,Araklı Bayram Halil Devlet Hast.,Trabzon,1,"76,94","76,94",Karadeniz Bölgesi
16.12.2021,Of Devlet Hast.,Trabzon,4,"74,53","75,12",Karadeniz Bölgesi
16.12.2021,Trabzon Fatih Devlet Hast.,Trabzon,6,"76,15","83,49",Karadeniz Bölgesi
16.12.2021,Trabzon Kanuni EAH.,Trabzon,18,"74,98","81,89",Karadeniz Bölgesi
16.12.2021,Ovacık İlçe Devlet Hast.,Tunceli,1,"75,34","75,34",Doğu Anadolu Bölgesi
16.12.2021,Tunceli Devlet Hast.,Tunceli,2,"77,89","79,56",Doğu Anadolu Bölgesi
16.12.2021,Banaz Devlet Hast.,Uşak,2,"76,13","76,19",Ege Bölgesi
16.12.2021,Eşme Devlet Hast.,Uşak,1,"75,62","75,62",Ege Bölgesi
16.12.2021,Sivaslı İlçe Devlet Hast.,Uşak,1,"76,42","76,42",Ege Bölgesi
16.12.2021,Uşak EAH.,Uşak,15,"76,66","88,87",Ege Bölgesi
16.12.2021,Bahçesaray İlçe Devlet Hast.,Van,6,"72,93","73,59",Doğu Anadolu Bölgesi
16.12.2021,Başkale Devlet Hast.,Van,7,"73,42","76,5",Doğu Anadolu Bölgesi
16.12.2021,Erciş Şehit Rıdvan Çevik Devlet Hast.,Van,29,"75,82","84,68",Doğu Anadolu Bölgesi
16.12.2021,Gevaş Devlet Hast.,Van,2,"77,25","77,36",Doğu Anadolu Bölgesi
16.12.2021,Gürpınar İlçe Devlet Hast.,Van,2,"77,22","77,78",Doğu Anadolu Bölgesi
16.12.2021,Muradiye Devlet Hast.,Van,6,"75,41","76,92",Doğu Anadolu Bölgesi
16.12.2021,Van Bahçesaray TSM.,Van,1,"73,01","73,01",Doğu Anadolu Bölgesi
16.12.2021,Van Başkale İlçe Sağlık Müd.,Van,2,"74,16","74,78",Doğu Anadolu Bölgesi
16.12.2021,Van EAH.,Van,59,"77,88","86,74",Doğu Anadolu Bölgesi
16.12.2021,Van Edremit İlçe Sağlık Müd.,Van,2,"79,2","82,73",Doğu Anadolu Bölgesi
16.12.2021,Van Erciş İlçe Sağlık Müd.,Van,2,"76,71","77,1",Doğu Anadolu Bölgesi
16.12.2021,Van Gevaş TSM.,Van,2,"78,16","81,41",Doğu Anadolu Bölgesi
16.12.2021,Van Gürpınar İlçe Sağlık Müd.,Van,1,"77,09","77,09",Doğu Anadolu Bölgesi
16.12.2021,Van Muradiye İlçe Sağlık Müd.,Van,1,"77,48","77,48",Doğu Anadolu Bölgesi
16.12.2021,Van Saray TSM.,Van,2,"73,92","74,77",Doğu Anadolu Bölgesi
16.12.2021,Van Tuşba İlçe Sağlık Müd.,Van,2,"79,71","82,8",Doğu Anadolu Bölgesi
16.12.2021,Van Çaldıran İlçe Sağlık Müd.,Van,2,"73,41","74,77",Doğu Anadolu Bölgesi
16.12.2021,Van Çatak TSM.,Van,1,"73,13","73,13",Doğu Anadolu Bölgesi
16.12.2021,Van Özalp İlçe Sağlık Müd.,Van,3,"75,65","76,94",Doğu Anadolu Bölgesi
16.12.2021,Van İpekyolu İlçe Sağlık Müd.,Van,2,"79,85","79,93",Doğu Anadolu Bölgesi
16.12.2021,Çaldıran Devlet Hast.,Van,10,"73,63","75,85",Doğu Anadolu Bölgesi
16.12.2021,Çatak Devlet Hast.,Van,2,"75,65","86,19",Doğu Anadolu Bölgesi
16.12.2021,Özalp Devlet Hast.,Van,8,"75,66","77,35",Doğu Anadolu Bölgesi
16.12.2021,Yalova Devlet Hast.,Yalova,13,"76,67","81,73",Marmara Bölgesi
16.12.2021,Saraykent Şehit Beytullah Yeşilay İlçe Devlet Hast.,Yozgat,3,"72,92","75,31",İç Anadolu Bölgesi
16.12.2021,Sarıkaya Devlet Hast.,Yozgat,3,"73,41","73,5",İç Anadolu Bölgesi
16.12.2021,Sorgun Devlet Hast.,Yozgat,10,"74,2","77,02",İç Anadolu Bölgesi
16.12.2021,Yozgat Şehir Hast.,Yozgat,33,"74,47","82,9",İç Anadolu Bölgesi
16.12.2021,Çekerek Şehit Harun Koçak Devlet Hast.,Yozgat,4,"72,95","73,6",İç Anadolu Bölgesi
16.12.2021,Karadeniz Ereğli Devlet Hast.,Zonguldak,9,"76,65","79,26",Karadeniz Bölgesi
16.12.2021,Çaycuma Devlet Hast.,Zonguldak,6,"73,7","84,7",Karadeniz Bölgesi
16.12.2021,Gökçeada Devlet Hast.,Çanakkale,2,"76,29","78,05",Marmara Bölgesi
16.12.2021,Çan Devlet Hast.,Çanakkale,4,"77,35","79,08",Marmara Bölgesi
16.12.2021,Çanakkale Ayvacık İlçe Sağlık Müd.,Çanakkale,1,"82,6","82,6",Marmara Bölgesi
16.12.2021,Ilgaz Devlet Hast.,Çankırı,2,"72,27","73,73",İç Anadolu Bölgesi
16.12.2021,Çankırı Devlet Hast.,Çankırı,12,"74,2","78,53",İç Anadolu Bölgesi
16.12.2021,Çerkeş Devlet Hast.,Çankırı,2,"72,7","72,73",İç Anadolu Bölgesi
16.12.2021,Alaca Devlet Hast.,Çorum,4,"73,36","77,37",Karadeniz Bölgesi
16.12.2021,Kargı Ahmet Hamdi Akpınar İlçe Devlet Hast.,Çorum,2,"73,05","73,09",Karadeniz Bölgesi
16.12.2021,Oğuzlar İlçe Devlet Hast.,Çorum,1,"72,95","72,95",Karadeniz Bölgesi
16.12.2021,Sungurlu Devlet Hast.,Çorum,6,"73,49","74,78",Karadeniz Bölgesi
16.12.2021,Çorum Erol Olçok EAH.,Çorum,20,"75,1","82,02",Karadeniz Bölgesi
16.12.2021,İskilip Atıf Hoca Devlet Hast.,Çorum,6,"74,19","87,01",Karadeniz Bölgesi
16.12.2021,Arnavutköy Devlet Hast.,İstanbul,24,"72,41","82,89",Marmara Bölgesi
16.12.2021,Bahçelievler Devlet Hast.,İstanbul,28,"73,95","87,36",Marmara Bölgesi
16.12.2021,Bayrampaşa Devlet Hast.,İstanbul,9,"75,15","83,94",Marmara Bölgesi
16.12.2021,Başakşehir Devlet Hast.,İstanbul,7,"73,81","76,48",Marmara Bölgesi
16.12.2021,Beykoz Devlet Hast.,İstanbul,27,"72,75","82,19",Marmara Bölgesi
16.12.2021,Büyükçekmece Mimar Sinan Devlet Hast.,İstanbul,21,"72,67","79,58",Marmara Bölgesi
16.12.2021,Eyüpsultan Devlet Hast.,İstanbul,20,"73,35","79,51",Marmara Bölgesi
16.12.2021,Gaziosmanpaşa EAH.,İstanbul,53,"71,37","84,16",Marmara Bölgesi
16.12.2021,Göztepe Prof. Dr. Süleyman Yalçın Şehir Hast.,İstanbul,78,"71,72","74,78",Marmara Bölgesi
16.12.2021,Kartal Koşuyolu Yüksek İhtisas EAH.,İstanbul,54,"72,6","80,36",Marmara Bölgesi
16.12.2021,Kağıthane Devlet Hast.,İstanbul,2,"73,38","74,99",Marmara Bölgesi
16.12.2021,Silivri Devlet Hast.,İstanbul,13,"73,09","80,7",Marmara Bölgesi
16.12.2021,Sultanbeyli Devlet Hast.,İstanbul,50,"72,65","86,95",Marmara Bölgesi
16.12.2021,Tuzla Devlet Hast.,İstanbul,35,"74,21","79,33",Marmara Bölgesi
16.12.2021,Çatalca İlyas Çokay Devlet Hast.,İstanbul,6,"72,51",80,Marmara Bölgesi
16.12.2021,Ümraniye EAH.,İstanbul,76,"72,35","84,86",Marmara Bölgesi
16.12.2021,Üsküdar Devlet Hast.,İstanbul,4,"78,78","83,62",Marmara Bölgesi
16.12.2021,İstanbul Bağcılar EAH.,İstanbul,74,"71,51","77,75",Marmara Bölgesi
16.12.2021,İstanbul EAH.,İstanbul,46,"71,91","84,56",Marmara Bölgesi
16.12.2021,İstanbul Fatih Sultan Mehmet EAH.,İstanbul,53,"71,74",78,Marmara Bölgesi
16.12.2021,İstanbul Haseki EAH.,İstanbul,73,"71,64","82,85",Marmara Bölgesi
16.12.2021,İstinye Devlet Hast.,İstanbul,8,"73,54","85,79",Marmara Bölgesi
16.12.2021,Bergama Necla Mithat Öztüre Devlet Hast.,İzmir,7,"76,75","82,46",Ege Bölgesi
16.12.2021,Buca Seyfi Demirsoy EAH.,İzmir,62,"78,01","88,71",Ege Bölgesi
16.12.2021,Kemalpaşa Devlet Hast.,İzmir,2,"79,36","87,27",Ege Bölgesi
16.12.2021,Tire Devlet Hast.,İzmir,6,"77,84","84,21",Ege Bölgesi
16.12.2021,Torbalı Devlet Hast.,İzmir,5,"79,24","86,79",Ege Bölgesi
16.12.2021,Çeşme Alper Çizgenakat Devlet Hast.,İzmir,6,"76,4","84,06",Ege Bölgesi
16.12.2021,Çiğli EAH.,İzmir,11,"81,3","88,01",Ege Bölgesi
16.12.2021,Ödemiş Devlet Hast.,İzmir,6,"77,01","80,71",Ege Bölgesi
16.12.2021,İzmir Atatürk EAH.,İzmir,15,"78,48","83,44",Ege Bölgesi
16.12.2021,Birecik Devlet Hast.,Şanlıurfa,16,"76,14","78,14",Güneydoğu Anadolu Bölgesi
16.12.2021,Ceylanpınar Devlet Hast.,Şanlıurfa,14,"76,39","81,07",Güneydoğu Anadolu Bölgesi
16.12.2021,Siverek Devlet Hast.,Şanlıurfa,8,"79,05","82,86",Güneydoğu Anadolu Bölgesi
16.12.2021,Suruç Devlet Hast.,Şanlıurfa,15,"75,92","80,86",Güneydoğu Anadolu Bölgesi
16.12.2021,Viranşehir Devlet Hast.,Şanlıurfa,15,"77,25","81,46",Güneydoğu Anadolu Bölgesi
16.12.2021,Şanlıurfa Akçakale İlçe Sağlık Müd.,Şanlıurfa,1,"76,85","76,85",Güneydoğu Anadolu Bölgesi
16.12.2021,Şanlıurfa Balıklıgöl Devlet Hast.,Şanlıurfa,5,"78,37","79,05",Güneydoğu Anadolu Bölgesi
16.12.2021,Şanlıurfa Ceylanpınar İlçe Sağlık Müd.,Şanlıurfa,1,"80,63","80,63",Güneydoğu Anadolu Bölgesi
16.12.2021,Şanlıurfa EAH.,Şanlıurfa,65,"76,93","82,34",Güneydoğu Anadolu Bölgesi
16.12.2021,Şanlıurfa Harran İlçe Sağlık Müd.,Şanlıurfa,1,"79,57","79,57",Güneydoğu Anadolu Bölgesi
16.12.2021,Şanlıurfa Mehmet Akif İnan EAH.,Şanlıurfa,32,"79,41","87,05",Güneydoğu Anadolu Bölgesi
16.12.2021,Şanlıurfa Viranşehir İlçe Sağlık Müd.,Şanlıurfa,1,"79,61","79,61",Güneydoğu Anadolu Bölgesi
16.12.2021,Cizre Dr. Selahattin Cizrelioğlu Devlet Hast.,Şırnak,12,"78,63","87,53",Güneydoğu Anadolu Bölgesi
16.12.2021,Silopi Devlet Hast.,Şırnak,13,"77,92","82,78",Güneydoğu Anadolu Bölgesi
16.12.2021,İdil Devlet Hast.,Şırnak,9,"78,61","89,36",Güneydoğu Anadolu Bölgesi
16.12.2021,Şırnak Devlet Hast.,Şırnak,19,"77,28","80,82",Güneydoğu Anadolu Bölgesi
16.12.2021,Şırnak Şehit Aydoğan Aydın Devlet Hast.,Şırnak,4,"76,54","77,62",Güneydoğu Anadolu Bölgesi
